{"RandomAlgorithm_makespan": 156, "RandomAlgorithm_average_completion": 62.74760743892012, "RandomAlgorithm_average_slowdown": 1.0, "Energy_RandomAlgorithm": 6.4170969031857785, "FirstFitAlgorithm_makespan": 156, "FirstFitAlgorithm_average_completion": 62.74760743892012, "FirstFitAlgorithm_average_slowdown": 1.0, "Energy_FirstFitAlgorithm": 6.357128810014755, "Tetris_makespan": 156, "Tetris_average_completion": 62.74760743892012, "Tetris_average_slowdown": 1.0, "Energy_Tetris": 6.271477670690107, "_timestamp": 1732018220.4420416, "_runtime": 1722.5510187149048, "_step": 582432, "Total Energy Episodes": 6.326712201322033, "Mean Total Energy Iterations": 6.391250901355977, "policy_entropy": 1.791646957397461, "policy_entropy_plot": {"_type": "image-file", "sha256": "0ba452bd09fe4dff6ab4c771d37c8c602652eed7c604b5e8c3fc190d6f67d826", "size": 47665, "path": "media/images/policy_entropy_plot_572422_0ba452bd09fe4dff6ab4.png", "format": "png", "width": 1200, "height": 600}, "action_probs_plot": {"_type": "image-file", "sha256": "9aad55f4ad4ed65dbea20925791048df1ffdd81acd4fc5b492b9592429eb91fe", "size": 82186, "path": "media/images/action_probs_plot_572423_9aad55f4ad4ed65dbea2.png", "format": "png", "width": 1200, "height": 600}, "loss": 0.38869952029920185, "makespan": 156.0, "average_completion": 62.74760743892012, "average_slowdowns": 1.0, "Mean_reward": -27.87960195143516}