{"RandomAlgorithm_makespan": 156, "RandomAlgorithm_average_completion": 62.74760743892012, "RandomAlgorithm_average_slowdown": 1.0, "Energy_RandomAlgorithm": 6.4170969031857785, "FirstFitAlgorithm_makespan": 156, "FirstFitAlgorithm_average_completion": 62.74760743892012, "FirstFitAlgorithm_average_slowdown": 1.0, "Energy_FirstFitAlgorithm": 6.357128810014755, "Tetris_makespan": 156, "Tetris_average_completion": 62.74760743892012, "Tetris_average_slowdown": 1.0, "Energy_Tetris": 6.271477670690107, "_timestamp": 1732018565.612371, "_runtime": 311.10466384887695, "_step": 133470, "Total Energy Episodes": 6.405239634681408, "Mean Total Energy Iterations": 6.389539504158126, "policy_entropy": 2.1972169876098633, "policy_entropy_plot": {"_type": "image-file", "sha256": "81268f492cb77206513e55e764f3a1b04833c6942845216bb75c6493f877853c", "size": 46611, "path": "media/images/policy_entropy_plot_123462_81268f492cb77206513e.png", "format": "png", "width": 1200, "height": 600}, "action_probs_plot": {"_type": "image-file", "sha256": "ac9d7900a10f0ebedcf578f309d553b67f8da169ac216b98d60a58ad8ad364a2", "size": 75357, "path": "media/images/action_probs_plot_123463_ac9d7900a10f0ebedcf5.png", "format": "png", "width": 1200, "height": 600}, "loss": 0.413208074819863, "makespan": 156.0, "average_completion": 62.74760743892012, "average_slowdowns": 1.0, "Mean_reward": -27.87357692385051}