{"RandomAlgorithm_makespan": 156, "RandomAlgorithm_average_completion": 62.74760743892012, "RandomAlgorithm_average_slowdown": 1.0, "Energy_RandomAlgorithm": 6.4170969031857785, "FirstFitAlgorithm_makespan": 156, "FirstFitAlgorithm_average_completion": 62.74760743892012, "FirstFitAlgorithm_average_slowdown": 1.0, "Energy_FirstFitAlgorithm": 6.357128810014755, "Tetris_makespan": 156, "Tetris_average_completion": 62.74760743892012, "Tetris_average_slowdown": 1.0, "Energy_Tetris": 6.271477670690107, "_timestamp": 1732540792.7890403, "_runtime": 10.282043218612671, "_step": 2243, "Total Energy Episodes": 6.41615001658855, "Mean Total Energy Iterations": 6.441414647310407, "policy_entropy": 3.4011199474334717}